{
  "files": [
    {
      "path": "static/build/editions-table.*.js",
      "maxSize": "33KB"
    },
    {
      "path": "static/build/graphs.*.js",
      "maxSize": "19KB"
    },
    {
      "path": "static/build/markdown-editor.*.js",
      "maxSize": "13KB"
    },
    {
      "path": "static/build/carousel.*.js",
      "maxSize": "6KB"
    },
    {
      "path": "static/build/carousels-partials.*.js",
      "maxSize": "6KB"
    },
    {
      "path": "static/build/covers.*.js",
      "maxSize": "8KB"
    },
    {
      "path": "static/build/add-book.*.js",
      "maxSize": "4KB"
    },
    {
      "path": "static/build/readmore.*.js",
      "maxSize": "3KB"
    },
    {
      "path": "static/build/modal-links.*.js",
      "maxSize": "7KB"
    },
    {
      "path": "static/build/user-website.*.js",
      "maxSize": "7KB"
    },
    {
      "path": "static/build/signup.*.js",
      "maxSize": "2KB"
    },
    {
      "path": "static/build/readinglog-stats.*.js",
      "maxSize": "137KB"
    },
    {
      "path": "static/build/goodreads-import.*.js",
      "maxSize": "2KB"
    },
    {
      "path": "static/build/admin.*.js",
      "maxSize": "1.3KB"
    },
    {
      "path": "static/build/search.*.js",
      "maxSize": "1.2KB"
    },
    {
      "path": "static/build/tabs.*.js",
      "maxSize": "5KB"
    },
    {
      "path": "static/build/all.js",
      "maxSize": "130KB"
    },
    {
      "path": "static/build/page-admin.css",
      "maxSize": "26KB"

    },
    {
      "path": "static/build/page-book.css",
      "maxSize": "14KB"
    },
    {
      "path": "static/build/page-edit.css",
      "maxSize": "25KB"
    },
    {
      "path": "static/build/page-form.css",
      "maxSize": "25KB"
    },
    {
      "path": "static/build/page-home.css",
      "maxSize": "8KB"
    },
    {
      "path": "static/build/page-plain.css",
      "maxSize": "25KB"
    },
    {
      "path": "static/build/page-subject.css",
      "maxSize": "9KB"
    },
    {
      "path": "static/build/page-user.css",
      "maxSize": "30KB"
    }
  ]
}
