{"swagger": "2.0", "info": {"title": "demo_app", "description": "SAFRSAPI", "termsOfService": "", "version": "0.0"}, "host": "127.0.0.1:5000", "paths": {"/Books/": {"get": {"tags": ["Books"], "summary": "Retrieve a collection of Book objects", "parameters": [{"default": "user", "type": "string", "name": "include", "in": "query", "format": "string", "required": false, "description": "Book relationships to include (csv)"}, {"default": "name,user_id", "type": "string", "name": "fields[Book]", "in": "query", "format": "string", "required": false, "description": "Book fields to include (csv)"}, {"default": 0, "type": "integer", "name": "page[offset]", "in": "query", "format": "int64", "required": false, "description": "Page offset"}, {"default": 10, "type": "integer", "name": "page[limit]", "in": "query", "format": "int64", "required": false, "description": "Max number of items"}, {"default": "id", "type": "string", "name": "sort", "in": "query", "format": "string", "required": false, "description": "Sort order"}, {"default": "", "type": "string", "name": "filter[name]", "in": "query", "format": "string", "required": false, "description": "name attribute filter (csv)"}, {"default": "", "type": "string", "name": "filter[user_id]", "in": "query", "format": "string", "required": false, "description": "user_id attribute filter (csv)"}, {"default": "", "type": "string", "name": "filter[id]", "in": "query", "format": "string", "required": false, "description": "id attribute filter (csv)"}, {"default": "", "type": "string", "name": "filter", "in": "query", "format": "string", "required": false, "description": "Custom Book filter"}, {"name": "Content-Type", "in": "header", "type": "string", "default": "application/vnd.api+json", "enum": ["application/vnd.api+json", "application/json"], "required": true}], "responses": {"403": {"description": "Forbidden", "schema": {"$ref": "#/definitions/jsonapi_error_403"}}, "404": {"description": "Not Found", "schema": {"$ref": "#/definitions/jsonapi_error_404"}}, "200": {"schema": {"$ref": "#/definitions/Book_coll1"}, "description": "Request fulfilled, document follows"}}, "produces": ["application/vnd.api+json"], "description": "Retrieve Book from Books", "operationId": "RetrieveacollectionofBookobjects_0"}, "post": {"tags": ["Books"], "summary": "Create Book", "parameters": [{"name": "Content-Type", "in": "header", "type": "string", "default": "application/vnd.api+json", "enum": ["application/vnd.api+json", "application/json"], "required": true}, {"name": "POST body", "in": "body", "description": "Book attributes", "schema": {"$ref": "#/definitions/Book_inst1"}, "required": true}], "responses": {"403": {"description": "Forbidden", "schema": {"$ref": "#/definitions/jsonapi_error_403"}}, "202": {"description": "Accepted"}, "404": {"description": "Not Found", "schema": {"$ref": "#/definitions/jsonapi_error_404"}}, "409": {"description": "Conflict", "schema": {"$ref": "#/definitions/jsonapi_error_409"}}, "201": {"schema": {"$ref": "#/definitions/Book_inst1"}, "description": "Created"}}, "produces": ["application/vnd.api+json"], "operationId": "CreateBook_0"}}, "/Books/{BookId}/": {"get": {"tags": ["Books"], "summary": "Retrieve Book instance", "parameters": [{"default": "user", "type": "string", "name": "include", "in": "query", "format": "string", "required": false, "description": "Book relationships to include (csv)"}, {"default": "name,user_id", "type": "string", "name": "fields[Book]", "in": "query", "format": "string", "required": false, "description": "Book fields to include (csv)"}, {"name": "BookId", "in": "path", "type": "string", "default": "jsonapi_id_string", "required": true}, {"name": "Content-Type", "in": "header", "type": "string", "default": "application/vnd.api+json", "enum": ["application/vnd.api+json", "application/json"], "required": true}], "responses": {"403": {"description": "Forbidden", "schema": {"$ref": "#/definitions/jsonapi_error_403"}}, "404": {"description": "Not Found", "schema": {"$ref": "#/definitions/jsonapi_error_404"}}, "200": {"schema": {"$ref": "#/definitions/Book_inst1"}, "description": "Request fulfilled, document follows"}}, "produces": ["application/vnd.api+json"], "description": "Retrieve Book from Books", "operationId": "RetrieveBookinstance_0"}, "patch": {"tags": ["Books"], "parameters": [{"name": "BookId", "in": "path", "type": "string", "default": "jsonapi_id_string", "required": true}, {"name": "Content-Type", "in": "header", "type": "string", "default": "application/vnd.api+json", "enum": ["application/vnd.api+json", "application/json"], "required": true}, {"name": "PATCH body", "in": "body", "description": "Book attributes", "schema": {"$ref": "#/definitions/Book_inst"}, "required": true}], "responses": {"202": {"description": "Accepted"}, "204": {"description": "No Content"}, "403": {"description": "Forbidden", "schema": {"$ref": "#/definitions/jsonapi_error_403"}}, "409": {"description": "Conflict", "schema": {"$ref": "#/definitions/jsonapi_error_409"}}, "404": {"description": "Not Found", "schema": {"$ref": "#/definitions/jsonapi_error_404"}}, "200": {"schema": {"$ref": "#/definitions/Book_inst1"}, "description": "Request fulfilled, document follows"}}, "produces": ["application/vnd.api+json"], "summary": "Update Book", "description": "Update Book attributes", "operationId": "UpdateBook_0"}, "delete": {"tags": ["Books"], "parameters": [{"name": "BookId", "in": "path", "type": "string", "default": "jsonapi_id_string", "required": true}, {"name": "Content-Type", "in": "header", "type": "string", "default": "application/vnd.api+json", "enum": ["application/vnd.api+json", "application/json"], "required": true}], "responses": {"202": {"description": "Accepted"}, "204": {"description": "Request fulfilled, nothing follows"}, "200": {"description": "Success", "schema": {"$ref": "#/definitions/Book_inst1"}}, "403": {"description": "Forbidden", "schema": {"$ref": "#/definitions/jsonapi_error_403"}}, "404": {"description": "Not Found", "schema": {"$ref": "#/definitions/jsonapi_error_404"}}}, "produces": ["application/vnd.api+json"], "summary": "Delete Book from Books", "operationId": "DeleteBookfromBooks_0"}}, "/Books/{BookId}/user": {"get": {"tags": ["Books"], "summary": "Retrieve User from Book.user", "description": "Retrieve User items from the Book user \"to-one\" relationship", "parameters": [{"default": "books", "type": "string", "name": "include", "in": "query", "format": "string", "required": false, "description": "User relationships to include (csv)"}, {"default": "name,email", "type": "string", "name": "fields[User]", "in": "query", "format": "string", "required": false, "description": "User fields to include (csv)"}, {"name": "BookId", "in": "path", "type": "string", "default": "jsonapi_id_string", "description": "Book item", "required": true}], "responses": {"200": {"description": "Request fulfilled, document follows", "schema": {"$ref": "#/definitions/Book.user_rel_inst"}}, "404": {"description": "Nothing matches the given URI", "schema": {"$ref": "#/definitions/jsonapi_error_404"}}}, "operationId": "RetrieveUserfromBookuser_0"}, "patch": {"tags": ["Books"], "summary": "Update Book.user", "description": "Update the Book user \"to-one\" relationship", "responses": {"200": {"description": "Accepted", "schema": {"$ref": "#/definitions/Book.user_rel_inst"}}, "204": {"description": "No Content"}, "403": {"description": "Forbidden", "schema": {"$ref": "#/definitions/jsonapi_error_403"}}, "404": {"description": "Not Found", "schema": {"$ref": "#/definitions/jsonapi_error_404"}}, "409": {"description": "Conflict", "schema": {"$ref": "#/definitions/jsonapi_error_409"}}}, "parameters": [{"name": "BookId", "in": "path", "type": "string", "default": "jsonapi_id_string", "description": "Book item", "required": true}, {"name": "Book.user body", "in": "body", "description": "Book.user POST model", "schema": {"$ref": "#/definitions/Book.user_rel_inst"}, "required": true}], "operationId": "UpdateBookuser_0"}, "delete": {"tags": ["Books"], "summary": "Delete User from Book.user", "description": "Delete User items from the Book user \"to-one\" relationship", "responses": {"202": {"description": "Accepted"}, "204": {"description": "Request fulfilled, nothing follows"}, "200": {"description": "Success", "schema": {"$ref": "#/definitions/Book.user_rel_inst"}}, "403": {"description": "Forbidden", "schema": {"$ref": "#/definitions/jsonapi_error_403"}}, "404": {"description": "Not Found", "schema": {"$ref": "#/definitions/jsonapi_error_404"}}}, "parameters": [{"name": "BookId", "in": "path", "type": "string", "default": "jsonapi_id_string", "description": "Book item", "required": true}, {"name": "Book.user body", "in": "body", "description": "Book.user POST model", "schema": {"$ref": "#/definitions/Book.user_rel_inst"}, "required": true}], "operationId": "DeleteUserfromBookuser_0"}}, "/Users/": {"get": {"tags": ["Users"], "summary": "Retrieve a collection of User objects", "parameters": [{"default": "books", "type": "string", "name": "include", "in": "query", "format": "string", "required": false, "description": "User relationships to include (csv)"}, {"default": "name,email", "type": "string", "name": "fields[User]", "in": "query", "format": "string", "required": false, "description": "User fields to include (csv)"}, {"default": 0, "type": "integer", "name": "page[offset]", "in": "query", "format": "int64", "required": false, "description": "Page offset"}, {"default": 10, "type": "integer", "name": "page[limit]", "in": "query", "format": "int64", "required": false, "description": "Max number of items"}, {"default": "id", "type": "string", "name": "sort", "in": "query", "format": "string", "required": false, "description": "Sort order"}, {"default": "", "type": "string", "name": "filter[name]", "in": "query", "format": "string", "required": false, "description": "name attribute filter (csv)"}, {"default": "", "type": "string", "name": "filter[email]", "in": "query", "format": "string", "required": false, "description": "email attribute filter (csv)"}, {"default": "", "type": "string", "name": "filter[id]", "in": "query", "format": "string", "required": false, "description": "id attribute filter (csv)"}, {"default": "", "type": "string", "name": "filter", "in": "query", "format": "string", "required": false, "description": "Custom User filter"}, {"name": "Content-Type", "in": "header", "type": "string", "default": "application/vnd.api+json", "enum": ["application/vnd.api+json", "application/json"], "required": true}], "responses": {"403": {"description": "Forbidden", "schema": {"$ref": "#/definitions/jsonapi_error_403"}}, "404": {"description": "Not Found", "schema": {"$ref": "#/definitions/jsonapi_error_404"}}, "200": {"schema": {"$ref": "#/definitions/User_coll1"}, "description": "Request fulfilled, document follows"}}, "produces": ["application/vnd.api+json"], "description": "Retrieve User from Users", "operationId": "RetrieveacollectionofUserobjects_0"}, "post": {"tags": ["Users"], "summary": "Create User", "parameters": [{"name": "Content-Type", "in": "header", "type": "string", "default": "application/vnd.api+json", "enum": ["application/vnd.api+json", "application/json"], "required": true}, {"name": "POST body", "in": "body", "description": "User attributes", "schema": {"$ref": "#/definitions/User_inst1"}, "required": true}], "responses": {"403": {"description": "Forbidden", "schema": {"$ref": "#/definitions/jsonapi_error_403"}}, "202": {"description": "Accepted"}, "404": {"description": "Not Found", "schema": {"$ref": "#/definitions/jsonapi_error_404"}}, "409": {"description": "Conflict", "schema": {"$ref": "#/definitions/jsonapi_error_409"}}, "201": {"schema": {"$ref": "#/definitions/User_inst1"}, "description": "Created"}}, "produces": ["application/vnd.api+json"], "operationId": "CreateUser_0"}}, "/Users/{UserId}/": {"get": {"tags": ["Users"], "summary": "Retrieve User instance", "parameters": [{"default": "books", "type": "string", "name": "include", "in": "query", "format": "string", "required": false, "description": "User relationships to include (csv)"}, {"default": "name,email", "type": "string", "name": "fields[User]", "in": "query", "format": "string", "required": false, "description": "User fields to include (csv)"}, {"name": "UserId", "in": "path", "type": "string", "default": "jsonapi_id_string", "required": true}, {"name": "Content-Type", "in": "header", "type": "string", "default": "application/vnd.api+json", "enum": ["application/vnd.api+json", "application/json"], "required": true}], "responses": {"403": {"description": "Forbidden", "schema": {"$ref": "#/definitions/jsonapi_error_403"}}, "404": {"description": "Not Found", "schema": {"$ref": "#/definitions/jsonapi_error_404"}}, "200": {"schema": {"$ref": "#/definitions/User_inst1"}, "description": "Request fulfilled, document follows"}}, "produces": ["application/vnd.api+json"], "description": "Retrieve User from Users", "operationId": "RetrieveUserinstance_0"}, "patch": {"tags": ["Users"], "parameters": [{"name": "UserId", "in": "path", "type": "string", "default": "jsonapi_id_string", "required": true}, {"name": "Content-Type", "in": "header", "type": "string", "default": "application/vnd.api+json", "enum": ["application/vnd.api+json", "application/json"], "required": true}, {"name": "PATCH body", "in": "body", "description": "User attributes", "schema": {"$ref": "#/definitions/User_inst"}, "required": true}], "responses": {"202": {"description": "Accepted"}, "204": {"description": "No Content"}, "403": {"description": "Forbidden", "schema": {"$ref": "#/definitions/jsonapi_error_403"}}, "409": {"description": "Conflict", "schema": {"$ref": "#/definitions/jsonapi_error_409"}}, "404": {"description": "Not Found", "schema": {"$ref": "#/definitions/jsonapi_error_404"}}, "200": {"schema": {"$ref": "#/definitions/User_inst1"}, "description": "Request fulfilled, document follows"}}, "produces": ["application/vnd.api+json"], "summary": "Update User", "description": "Update User attributes", "operationId": "UpdateUser_0"}, "delete": {"tags": ["Users"], "parameters": [{"name": "UserId", "in": "path", "type": "string", "default": "jsonapi_id_string", "required": true}, {"name": "Content-Type", "in": "header", "type": "string", "default": "application/vnd.api+json", "enum": ["application/vnd.api+json", "application/json"], "required": true}], "responses": {"202": {"description": "Accepted"}, "204": {"description": "Request fulfilled, nothing follows"}, "200": {"description": "Success", "schema": {"$ref": "#/definitions/User_inst1"}}, "403": {"description": "Forbidden", "schema": {"$ref": "#/definitions/jsonapi_error_403"}}, "404": {"description": "Not Found", "schema": {"$ref": "#/definitions/jsonapi_error_404"}}}, "produces": ["application/vnd.api+json"], "summary": "Delete User from Users", "operationId": "DeleteUserfromUsers_0"}}, "/Users/{UserId}/books": {"get": {"tags": ["Users"], "summary": "Retrieve Book from User.books", "description": "Retrieve Book items from the User books \"to-many\" relationship", "parameters": [{"default": "user", "type": "string", "name": "include", "in": "query", "format": "string", "required": false, "description": "Book relationships to include (csv)"}, {"default": "name,user_id", "type": "string", "name": "fields[Book]", "in": "query", "format": "string", "required": false, "description": "Book fields to include (csv)"}, {"default": 0, "type": "integer", "name": "page[offset]", "in": "query", "format": "int64", "required": false, "description": "Page offset"}, {"default": 10, "type": "integer", "name": "page[limit]", "in": "query", "format": "int64", "required": false, "description": "Max number of items"}, {"default": "id", "type": "string", "name": "sort", "in": "query", "format": "string", "required": false, "description": "Sort order"}, {"default": "", "type": "string", "name": "filter[name]", "in": "query", "format": "string", "required": false, "description": "name attribute filter (csv)"}, {"default": "", "type": "string", "name": "filter[user_id]", "in": "query", "format": "string", "required": false, "description": "user_id attribute filter (csv)"}, {"default": "", "type": "string", "name": "filter[id]", "in": "query", "format": "string", "required": false, "description": "id attribute filter (csv)"}, {"default": "", "type": "string", "name": "filter", "in": "query", "format": "string", "required": false, "description": "Custom Book filter"}, {"name": "UserId", "in": "path", "type": "string", "default": "jsonapi_id_string", "description": "User item", "required": true}], "responses": {"200": {"description": "Request fulfilled, document follows", "schema": {"$ref": "#/definitions/User.books_rel_coll"}}, "404": {"description": "Nothing matches the given URI", "schema": {"$ref": "#/definitions/jsonapi_error_404"}}}, "operationId": "RetrieveBookfromUserbooks_0"}, "post": {"tags": ["Users"], "summary": "Add Book items to User.books", "description": "Add Book items to the User books \"to-many\" relationship", "responses": {"202": {"description": "Accepted"}, "204": {"description": "No Content"}, "404": {"description": "Not Found", "schema": {"$ref": "#/definitions/jsonapi_error_404"}}, "409": {"description": "Conflict", "schema": {"$ref": "#/definitions/jsonapi_error_409"}}}, "parameters": [{"name": "UserId", "in": "path", "type": "string", "default": "jsonapi_id_string", "description": "User item", "required": true}, {"name": "User.books body", "in": "body", "description": "User.books POST model", "schema": {"$ref": "#/definitions/User.books_rel_coll"}, "required": true}], "operationId": "AddBookitemstoUserbooks_0"}, "patch": {"tags": ["Users"], "summary": "Update User.books", "description": "Update the User books \"to-many\" relationship", "responses": {"200": {"description": "Accepted", "schema": {"$ref": "#/definitions/User.books_rel_coll"}}, "204": {"description": "No Content"}, "403": {"description": "Forbidden", "schema": {"$ref": "#/definitions/jsonapi_error_403"}}, "404": {"description": "Not Found", "schema": {"$ref": "#/definitions/jsonapi_error_404"}}, "409": {"description": "Conflict", "schema": {"$ref": "#/definitions/jsonapi_error_409"}}}, "parameters": [{"name": "UserId", "in": "path", "type": "string", "default": "jsonapi_id_string", "description": "User item", "required": true}, {"name": "User.books body", "in": "body", "description": "User.books POST model", "schema": {"$ref": "#/definitions/User.books_rel_coll"}, "required": true}], "operationId": "UpdateUserbooks_0"}, "delete": {"tags": ["Users"], "summary": "Delete Book from User.books", "description": "Delete Book items from the User books \"to-many\" relationship", "responses": {"202": {"description": "Accepted"}, "204": {"description": "Request fulfilled, nothing follows"}, "200": {"description": "Success", "schema": {"$ref": "#/definitions/User.books_rel_coll"}}, "403": {"description": "Forbidden", "schema": {"$ref": "#/definitions/jsonapi_error_403"}}, "404": {"description": "Not Found", "schema": {"$ref": "#/definitions/jsonapi_error_404"}}}, "parameters": [{"name": "UserId", "in": "path", "type": "string", "default": "jsonapi_id_string", "description": "User item", "required": true}, {"name": "User.books body", "in": "body", "description": "User.books POST model", "schema": {"$ref": "#/definitions/User.books_rel_coll"}, "required": true}], "operationId": "DeleteBookfromUserbooks_0"}}}, "definitions": {"jsonapi_error_403": {"properties": {"errors": {"example": [{"title": "Request forbidden -- authorization will not help", "detail": "", "code": "403"}], "type": "string"}}, "description": ""}, "jsonapi_error_404": {"properties": {"errors": {"example": [{"title": "Nothing matches the given URI", "detail": "", "code": "404"}], "type": "string"}}, "description": ""}, "User_coll1": {"properties": {"data": {"example": [{"attributes": {"name": "", "email": ""}, "type": "User", "id": "jsonapi_id_string", "relationships": {"books": {"data": [], "links": {"self": null}}}}], "type": "string"}}, "description": "User get;"}, "User_inst1": {"properties": {"data": {"example": {"attributes": {"name": "", "email": ""}, "type": "User"}, "type": "string"}}, "description": "User post;"}, "jsonapi_error_409": {"properties": {"errors": {"example": [{"title": "Request conflict", "detail": "", "code": "409"}], "type": "string"}}, "description": ""}, "User_inst": {"properties": {"data": {"example": {"attributes": {"name": "", "email": ""}, "type": "User", "id": "jsonapi_id_string"}, "type": "string"}}, "description": "User patch;User post;User delete;User patch;User post;User delete;"}, "User.books_rel_coll": {"properties": {"data": {"example": [{"type": "Book", "id": "jsonapi_id_string"}], "type": "string"}}, "description": "User.books patch relationship;User.books post relationship;"}, "User_coll": {"properties": {"data": {"example": [{"attributes": {"name": "", "email": ""}, "type": "User", "id": "jsonapi_id_string"}], "type": "string"}}}, "Book_coll1": {"properties": {"data": {"example": [{"attributes": {"name": "", "user_id": ""}, "type": "Book", "id": "jsonapi_id_string", "relationships": {"user": {"data": null, "links": {"self": null}}}}], "type": "string"}}, "description": "Book get;"}, "Book_inst1": {"properties": {"data": {"example": {"attributes": {"name": "", "user_id": ""}, "type": "Book"}, "type": "string"}}, "description": "Book post;"}, "Book_inst": {"properties": {"data": {"example": {"attributes": {"name": "", "user_id": ""}, "type": "Book", "id": "jsonapi_id_string"}, "type": "string"}}, "description": "Book patch;Book post;Book delete;Book patch;Book post;Book delete;"}, "Book.user_rel_inst": {"properties": {"data": {"example": {"type": "User", "id": "jsonapi_id_string"}, "type": "string"}}, "description": "Book.user patch relationship;Book.user post relationship;"}, "Book_coll": {"properties": {"data": {"example": [{"attributes": {"name": "", "user_id": ""}, "type": "Book", "id": "jsonapi_id_string"}], "type": "string"}}}}, "tags": [{"description": "User description", "name": "Users"}, {"description": "Book description", "name": "Books"}]}
