{
  "leads": [
    {
      "githubUsername": "mekarpeles",
      "leadLabel": "Lead: @mekarpeles",
      "slackId": "<@U0AB3N5L7>"
    },
    {
      "githubUsername": "cdrini",
      "leadLabel": "Lead: @cdrini",
      "slackId": "<@U709VCNLD>"
    },
    {
      "githubUsername": "scottbarnes",
      "leadLabel": "Lead: @scottbarnes",
      "slackId": "<@U03MNR6T7FH>"
    },
    {
      "githubUsername": "seabelis",
      "leadLabel": "Lead: @seabelis",
      "slackId": "<@UAHQ39ACT>"
    },
    {
      "githubUsername": "jimchamp",
      "leadLabel": "Lead: @jimchamp",
      "slackId": "<@U01ARTHG9EV>"
    },
    {
      "githubUsername": "hornc",
      "leadLabel": "Lead: @hornc",
      "slackId": "<@U0EUS8DV0>"
    },
    {
      "githubUsername": "mheiman",
      "leadLabel": "Lead: @mheiman",
      "slackId": "<@U01MQBRDN5D>"
    },
    {
      "githubUsername": "RayBB",
      "leadLabel": "Lead: @RayBB",
      "slackId": "<@U01TC3EG9LJ>"
    },
    {
      "githubUsername": "rebecca-shoptaw",
      "leadLabel": "Lead: @rebecca-shoptaw",
      "slackId": "<@U06D09YC69L>"
    }
  ]
}
